timestamp,simple-path,time
2021-06-24 15:25:42.779,/master/welcome,436
2021-06-24 15:25:43.113,/master/welcome,296
2021-06-24 15:25:43.842,/master/sign-in,591
2021-06-24 15:25:45.175,/master/welcome,597
2021-06-24 15:25:47.408,/master/welcome,281
2021-06-24 15:25:48.109,/master/welcome,595
2021-06-24 15:25:48.483,/master/welcome,244
2021-06-24 15:25:48.806,/master/welcome,258
2021-06-24 15:25:49.5,/master/sign-in,583
2021-06-24 15:25:50.897,/master/welcome,597
2021-06-24 15:25:51.706,/administrator/dashboardwp/list,595
2021-06-24 15:25:52.443,/master/welcome,460
2021-06-24 15:25:53.17,/master/welcome,608
2021-06-24 15:25:53.58,/master/welcome,305
2021-06-24 15:25:54.291,/master/welcome,268
2021-06-24 15:25:54.566,/master/welcome,237
2021-06-24 15:25:55.27,/master/sign-in,595
2021-06-24 15:25:56.541,/master/welcome,589
2021-06-24 15:25:57.049,/master/welcome,215
2021-06-24 15:25:57.743,/master/welcome,588
2021-06-24 15:25:58.026,/master/welcome,209
2021-06-24 15:25:58.287,/master/welcome,227
2021-06-24 15:25:59.054,/master/sign-in,636
2021-06-24 15:26:00.369,/master/welcome,594
2021-06-24 15:26:01.17,/administrator/dashboardwp/list,584
2021-06-24 15:26:01.598,/master/welcome,287
2021-06-24 15:26:02.305,/master/welcome,594
2021-06-24 15:26:06.505,/master/welcome,459
2021-06-24 15:26:06.877,/master/welcome,335
2021-06-24 15:26:07.578,/master/sign-in,591
2021-06-24 15:26:08.857,/master/welcome,600
2021-06-24 15:26:11.11,/master/welcome,301
2021-06-24 15:26:11.828,/master/welcome,608
2021-06-24 15:26:12.251,/master/welcome,329
2021-06-24 15:26:12.519,/master/welcome,238
2021-06-24 15:26:13.222,/master/sign-in,595
2021-06-24 15:26:14.625,/master/welcome,614
2021-06-24 15:26:15.438,/administrator/dashboard/list,593
2021-06-24 15:26:15.952,/master/welcome,229
2021-06-24 15:26:16.647,/master/welcome,586
2021-06-24 15:26:16.98,/master/welcome,256
2021-06-24 15:26:17.606,/master/welcome,229
2021-06-24 15:26:17.904,/master/welcome,264
2021-06-24 15:26:18.608,/master/sign-in,596
2021-06-24 15:26:19.884,/master/welcome,593
2021-06-24 15:26:20.403,/master/welcome,226
2021-06-24 15:26:21.102,/master/welcome,590
2021-06-24 15:26:21.447,/master/welcome,259
2021-06-24 15:26:21.681,/master/welcome,205
2021-06-24 15:26:22.387,/master/sign-in,598
2021-06-24 15:26:23.763,/master/welcome,591
2021-06-24 15:26:24.572,/administrator/dashboard/list,593
2021-06-24 15:26:24.932,/master/welcome,222
2021-06-24 15:26:25.635,/master/welcome,594
2021-06-24 15:26:29.689,/master/welcome,354
2021-06-24 15:26:30.015,/master/welcome,302
2021-06-24 15:26:30.715,/master/sign-in,597
2021-06-24 15:26:32.004,/master/welcome,593
2021-06-24 15:26:34.196,/master/welcome,241
2021-06-24 15:26:34.9,/master/welcome,594
2021-06-24 15:26:35.241,/master/welcome,247
2021-06-24 15:26:36.003,/anonymous/shout/list,586
2021-06-24 15:26:37.317,/master/welcome,246
2021-06-24 15:26:38.122,/anonymous/shout/list,605
2021-06-24 15:26:39.303,/master/welcome,239
2021-06-24 15:26:39.584,/master/welcome,257
2021-06-24 15:26:40.282,/master/sign-in,588
2021-06-24 15:26:41.64,/master/welcome,585
2021-06-24 15:26:42.27,/master/welcome,306
2021-06-24 15:26:42.972,/master/welcome,595
2021-06-24 15:26:43.346,/master/welcome,301
2021-06-24 15:26:43.608,/master/welcome,239
2021-06-24 15:26:44.303,/master/sign-in,591
2021-06-24 15:26:45.62,/master/welcome,651
2021-06-24 15:26:46.259,/master/welcome,269
2021-06-24 15:26:46.964,/master/welcome,588
2021-06-24 15:26:51.216,/master/welcome,454
2021-06-24 15:26:51.616,/master/welcome,366
2021-06-24 15:26:52.333,/master/sign-in,591
2021-06-24 15:26:53.66,/master/welcome,597
2021-06-24 15:26:55.884,/master/welcome,250
2021-06-24 15:26:56.584,/master/welcome,592
2021-06-24 15:26:56.879,/master/welcome,227
2021-06-24 15:26:57.671,/anonymous/shout/create,633
2021-06-24 15:26:59.359,/master/welcome,611
2021-06-24 15:27:00.116,/anonymous/shout/list,589
